RESEARCH_ORG_CLEAN,total_funding,total_publications,avg_field_citation_ratio,avg_relative_citation_ratio,num_grants,dominant_field,impact_efficiency,cost_per_impact
,46255478.87224545,622.7761076638438,7.525020921233849,2.08774229202825,265,Other,0.00010131563554575971,9870.144865728498
ADA FORSYTH INSTITUTE INC,21763056.0,93.0,8.175116666666668,7.786499999999999,27,Biomedical,3.493470080672494e-05,28624.833672756104
ADMINISTRATORS OF THE TULANE EDUCATIONAL FUND,4643812.0,74.0,10.444232804232804,2.473315789473684,7,Other,0.0001664307744398842,6008.504156550723
ARIZONA BOARD OF REGENTS FOR ARIZONA STATE UNIVERSITY,62725380.0,528.0,4.2401638525298075,1.043146571021571,38,Physical Sciences,3.569219531449213e-05,28017.32959233161
ARIZONA BOARD OF REGENTS THE UNIVERSITY OF ARIZONA,35628371.0,303.0,7.923183026852932,1.0124365079365079,20,Physical Sciences,6.738238066333256e-05,14840.674819673884
ARIZONA STATE UNIVERSITY,682222446.1272777,3781.8824774354184,5.919770918895321,1.7201389596412036,1054,Engineering & CS,3.28160969133889e-05,30472.850035739688
ARIZONA STATE UNIVERSITYTEMPE CAMPUS,197156295.0,1420.0,4.40557027134696,1.5271572119261463,201,Biomedical,3.173071286064025e-05,31515.20750233225
AZ BOARD OF REGENTS ON BEHALF OF ARIZONA STATE UNIVERSITY,2693809.466666667,58.13333333333333,6.569038461538462,2.7525000000000004,5,Defense,0.00014176210577975394,7054.0712872425265
BEN GURION UNIVERSITY ISRAEL,2546799.8333333335,52.833333333333336,7.8721000000000005,0.39166666666666666,27,Other,0.0001633066242151343,6123.450318112239
BOARD OF REGENTS OF THE UNIVERSITY OF WISCONSIN SYSTEM OPERATING AS UNIVERSITY OF WISCONSINMADISON,479149141.0,2624.0,6.024356261977412,1.0771220310879615,90,Physical Sciences,3.29916292836028e-05,30310.71886155713
BOARD OF TRUSTEES OF THE LELAND STANFORD JUNIOR UNIVERSITY,122041827.68565671,1088.3979797979798,9.326033325578631,1.5742115527639924,132,Other,8.31717782630469e-05,12023.309118596766
BOSTON UNIVERSITY,308911457.2816901,1641.5040254306296,6.164530546711784,1.8900410539524437,383,Biomedical,3.275728843585775e-05,30527.557308600382
BOSTON UNIVERSITY MEDICAL CAMPUS,475140289.0,2784.0,6.44109607365605,1.9351897496594495,372,Biomedical,3.7740456627660225e-05,26496.764728254337
BOYCE THOMPSON INSTITUTE PLANT RESEARCH,13529441.0,148.0,5.881661109005937,2.7412944444444443,14,Life Sciences,6.434011901399908e-05,15542.402086362643
BRANDEIS UNIVERSITY,135437619.9547619,665.4047619047619,6.855398773509429,3.088530406149509,177,Biomedical,3.368056076423141e-05,29690.71705783459
BROWN UNIVERSITY,560671489.8999338,3470.0884535005225,5.578672786876966,1.7879374557269658,820,Biomedical,3.4527327271544266e-05,28962.56614754398
BROWN UNIVERSITY IN PROVIDENCE IN THE STATE OF RHODE ISLAND,4499619.0,119.0,25.60236842105263,2.1525,1,Defense,0.0006770977369651215,1476.8916589238456
BROWN UNIVERSITY IN PROVIDENCE IN THE STATE OF RHODE ISLAND AND PROVIDENCE PLANTATIONS,50421934.0,156.0,4.510113888888889,1.1117857142857142,42,Defense,1.3953803649551932e-05,71665.04740319395
CALIFORNIA INSTITUTE OF TECHNOLOGY,795251328.1529582,4344.883279237251,10.176242692892515,2.0752939496552463,783,Physical Sciences,5.559825574199449e-05,17986.17576494724
CALIFORNIA UNIVERSITY OF LOS ANGELES,86245309.0,171.0,8.675918650793651,2.7351751700680276,82,Other,1.720188734306366e-05,58133.15597623834
CALIFORNIA UNIVERSITY OF SAN DIEGO,63393889.0,58.0,10.424916666666666,1.566962962962963,43,Other,9.537909350642089e-06,104844.77921072717
CARDIFF UNIVERSITY,9041463.52832729,149.55464418169717,14.100290257446709,2.3693160050255404,70,Other,0.0002332325829445915,4287.56560243372
CARNEGIE MELLON UNIVERSITY,240251913.738859,1025.837979081379,5.888817413953205,1.5608165532879819,451,Other,2.5144326474232385e-05,39770.40311756962
CARNEGIEMELLON UNIVERSITY,446958032.0,5325.0,7.203354025934653,2.311656193677124,643,Engineering & CS,8.58198252226554e-05,11652.319232829339
CASE WESTERN RESERVE UNIVERSITY,656236212.0527778,3692.0027777777777,4.867820195259431,1.5450848670148642,714,Biomedical,2.738648881688837e-05,36514.35591784705
CENTRE NATIONAL DE LA RECHERCHE SCIENTIFIQUE CNRS,16431427.07484281,81.56098161589185,8.483502933202521,1.5949099511599512,58,Other,4.21097220358089e-05,23747.485180491778
COLUMBIA UNIV NEW YORK MORNINGSIDE,140429585.0,672.0,10.05942889732816,3.473701974651277,138,Biomedical,4.8137550353114864e-05,20773.803250569697
COLUMBIA UNIVERSITY,667913614.7618066,3455.911932144445,7.808536831348751,1.9899886374943947,984,Physical Sciences,4.040285302115187e-05,24750.72736760634
COLUMBIA UNIVERSITY IN THE CITY OF NEW YORK,799699.0,82.1,6.68703634085213,0.6266666666666667,63,Physical Sciences,0.0006865154059014202,1456.6315502956018
COMMONWEALTH SCIENTIFIC AND INDUSTRIAL RESEARCH ORGANISATION,11376871.937327089,73.8051965715948,15.885862070913795,1.6418170844971773,34,Other,0.0001030563743102566,9703.426951441623
CORNELL UNIVERSITY,1238056232.8988912,6622.338619944051,6.430672893858438,1.8659339101655366,1703,Biomedical,3.4397543767064094e-05,29071.843233106298
CORNELL UNIVERSITY INC,21449043.0,124.0,6.286207735247209,2.108727272727273,52,Physical Sciences,3.6341470301059764e-05,27516.773309274686
DARTMOUTH COLLEGE,295982548.85339105,1731.1699134199134,5.288280167468193,1.791770419644458,419,Biomedical,3.0930578694998866e-05,32330.46526095837
DUKE UNIVERSITY,2327334386.432163,10313.780789956558,6.913511174338068,2.06809618881238,2032,Biomedical,3.063781429807717e-05,32639.404047264565
DUKE UNIVERSITY SCHOOL OF MEDICINE,25930110.69047619,127.0,4.7591905901116425,1.8364298245614035,80,Other,2.3309472611166816e-05,42901.013535627244
DURHAM UNIVERSITY,7839942.851084144,116.51238888925023,7.363127890359547,0.8251072454844007,47,Other,0.00010942625941262089,9138.574281601213
EMORY UNIVERSITY,1436735009.2272744,8261.033450292398,5.9268135632708,2.0121426141282956,1571,Biomedical,3.407838243334796e-05,29344.11578823746
EUROPEAN SPACE AGENCY,2886978.457621066,114.47561826551379,11.772810604001835,0.8251278329513624,17,Other,0.00046682016939137165,2142.152515183255
FERMILAB FERMI NATIONAL ACCELERATOR LABORATORY,2394770.5667077177,106.41502463054186,10.892682991303209,0.8570909090909092,7,Other,0.00048403180869463616,2065.9799253624583
FLORIDA UNIVERSITY OF,49970022.0,62.0,4.823408424908425,1.618138888888889,44,Other,5.984614582405474e-06,167095.1380795615
GEORGE WASHINGTON UNIVERSITY,309785709.6916504,1597.4306207233626,6.340529581174971,1.8859924001770585,452,Biomedical,3.2695362593235105e-05,30585.377273256083
GEORGE WASHINGTON UNIVERSITY THE,21997977.0,137.0,6.536448412698412,1.1505071428571427,66,Defense,4.070799021835883e-05,24565.201932985914
GEORGIA INSTITUTE OF TECHNOLOGY,175845291.01333883,1040.2177433184863,5.1949633092247804,1.7718796756018207,321,Biomedical,3.073095093421764e-05,32540.483440964446
GEORGIA TECH RESEARCH CORPORATION,741918865.8949875,5761.804761904762,5.326474602497068,1.3136502926322664,958,Engineering & CS,4.136585297883005e-05,24174.528699112612
GOVERNING COUNCIL OF THE UNIVERSITY OF TORONTO,3537621.666666667,61.0,15.7966015037594,3.3668181818181817,9,Defense,0.0002723843255509205,3671.283206100112
HAMAD BIN KHALIFA UNIVERSITY,146821.5,63.63802308802309,7.019238457585267,1.8805833333333333,28,Other,0.003042404954479765,328.68734273113705
HARVARD MEDICAL SCHOOL,410024193.16640186,2396.429846079846,10.547726333190619,3.2993340398839326,532,Biomedical,6.164730426743894e-05,16221.309461672327
HARVARD SCHOOL OF PUBLIC HEALTH,303044837.5515873,1462.1746031746031,9.151450550212715,2.708853088738058,181,Biomedical,4.415524344463196e-05,22647.366926058065
HARVARD TH CHAN SCHOOL OF PUBLIC HEALTH,56516894.0,53.0,5.2001349206349206,1.6232222222222221,31,Other,4.876544538941769e-06,205063.2352507959
HARVARD UNIVERSITY,677600472.9720176,4122.323836180758,10.564317412906371,3.0098921538545413,1197,Other,6.427022887571361e-05,15559.30354525125
HEBREW REHABILITATION CENTER FOR AGED,22628327.0,315.0,8.637765119228641,2.799906208867385,20,Biomedical,0.00012024291555257363,8316.498276879951
HERIOTWATT UNIVERSITY,4975704.763003559,74.17060489077397,7.010520375383159,0.9490941798941799,30,Engineering & CS,0.00010450269089667304,9569.131583307737
IMPERIAL COLLEGE LONDON,26802213.4240402,315.64795238529194,6.933870077792205,2.4821601244591123,150,Other,8.16597441985011e-05,12245.935984922611
INDIANA UNIVERSITY,224284469.02494648,1642.2123447980591,4.599348926861286,1.3518503146774525,430,Physical Sciences,3.367646283561971e-05,29694.329979997085
IOWA STATE UNIVERSITY,278150711.80032843,2100.042966611932,5.168391531181302,1.8677102601465347,522,Engineering & CS,3.9021450685862136e-05,25626.930378636847
IOWA STATE UNIVERSITY OF SCIENCE AND TECHNOLOGY,203611440.25661764,1111.59375,5.434785861081824,1.4275254268678181,248,Biomedical,2.9670601947282156e-05,33703.39441635765
JOAN AND SANFORD I WEILL MEDICAL COLLEGE OF CORNELL UNIVERSITY,48555933.0,216.0,15.07328811109771,4.066619421101774,53,Other,6.70531906368086e-05,14913.533427759869
JOAN SANFORD I WEILL MEDICAL COLLEGE OF CORNELL UNIVERSITY,58123657.43333334,50.233333333333334,11.313333333333333,3.6767948717948715,29,Other,9.777541014109107e-06,102275.20381218429
JOHANNES GUTENBERGUNIVERSITAT MAINZ,727998.2739837398,131.65,16.12766602962255,0.8363333333333333,5,Other,0.0029165003663830552,342.8766927398559
JOHNS HOPKINS UNIVERSITY,2699413749.8998747,15374.006493712975,6.5587351873985025,2.2474976767348216,2822,Biomedical,3.735405043608023e-05,26770.858536778687
JOHNS HOPKINS UNIVERSITY SCHOOL OF MEDICINE,70219976.95,282.9,4.828925454175454,2.1195592479416008,153,Other,1.945462061257819e-05,51401.67058068765
JOHNS HOPKINS UNIVERSITY SCHOOL OF NURSING,5727240.0,67.0,5.556666666666666,1.3927564102564103,6,Other,6.500455134875902e-05,15383.53821772959
JOHNS HOPKINS UNIVERSITY THE,70965058.0,380.0,5.2903417748917745,0.9628888888888889,130,Defense,2.8328446859845788e-05,35300.205653612866
KAROLINSKA INSTITUTET,9533757.610581577,57.27149508632885,9.001235771210693,2.7960344879862578,37,Other,5.4072512780229296e-05,18493.68465757029
KINGS COLLEGE LONDON,24540324.206754223,276.2343843952321,7.506310964723563,2.7760323988984252,138,Other,8.449363467858771e-05,11835.211064170482
KOBENHAVNS UNIVERSITET,6925997.228673834,50.99491785018101,8.352795483091787,1.3812202380952383,17,Other,6.15001862426659e-05,16260.113360538859
LANCASTER UNIVERSITY,6017174.76816853,60.580247505632066,5.297074890035393,1.2096262336726114,38,Other,5.333036188209069e-05,18751.04470903315
LEIDEN UNIVERSITY,1608293.6088696131,63.46322309472753,12.020072584657074,2.7612504864107907,23,Other,0.00047431174497489036,2108.318022048851
LELAND STANFORD JUNIOR UNIVERSITY,50463703.83333333,180.0,6.919572583750481,2.185079365079365,30,Social Sciences,2.468156259771737e-05,40516.07332562012
LELAND STANFORD JUNIOR UNIVERSITY THE,195511239.0,455.0,7.814665456048291,1.9655526315789473,204,Defense,1.8186539048540185e-05,54985.72308513361
LONDON SCHOOL OF HYGIENE AND TROPICAL MEDICINE,2459602.9876652122,53.40663349511547,24.083109912666618,8.445233077751688,16,Other,0.0005229290381328155,1912.3053551790258
MANCHESTER UNIVERSITY,1747058.6745539405,58.19493481428965,8.755162340628598,3.0557437376143586,10,Other,0.00029163651405783044,3428.9259122117464
MASSACHUSETTS INSTITUTE OF TECHNOLOGY,2144160479.0879195,10216.368045226172,9.27319482196379,2.2827885220093718,2147,Physical Sciences,4.41843659466046e-05,22632.439745960557
MAX PLANCK SOCIETY,3530591.707942515,94.84460967036796,13.001030347367688,1.1871756356040053,32,Other,0.0003492552383881523,2863.2355082635254
MAXPLANCKGESELLSCHAFT ZUR FORDERUNG DER WISSENSCHAFTEN EV,11620785.085137622,70.13431208098925,9.363930953578013,1.4221104312354313,33,Other,5.6513639224169344e-05,17694.84347014636
MCGILL UNIVERSITY,606436966.1183025,358.74580839104624,8.433423536032562,2.0713585796133427,8792,Engineering & CS,4.988903238045481e-06,200444.85777434584
MEDICAL RESEARCH COUNCIL,6182208.5224310495,70.74836838755677,23.650588111771516,8.05325504223979,19,Other,0.00027065417063221414,3694.751858669407
MIAMI UNIVERSITY OF CORAL GABLES,56196330.0,127.0,4.813352564102564,1.6456444444444445,39,Other,1.0877859384074113e-05,91929.85170079184
MICHIGAN STATE UNIVERSITY,1301847275.3866162,7032.650706646295,5.69315981805546,1.7893531522846653,1430,Biomedical,3.0754763000604454e-05,32515.28876942885
MICHIGAN UNIVERSITY OF,65741743.0,112.0,9.731834733893557,2.694888888888889,71,Other,1.6579503987231954e-05,60315.43529710601
MINNESOTA UNIVERSITY OF TWIN CITIES,56675566.0,129.0,3.167875,1.3340819327731093,52,Other,7.2104418860148656e-06,138687.75531490892
MONASH UNIVERSITY,20987782.532071028,160.1172299632139,6.841902181554332,1.7373057163991046,97,Other,5.219734020569955e-05,19158.064300962364
NATIONAL AERONAUTICS AND SPACE ADMINISTRATION,3106244.0199784273,72.27770544944121,13.432914243396462,2.24307210491034,25,Other,0.00031256405252365067,3199.344236568386
NEW YORK UNIVERSITY,602337413.8726373,3924.4412711105806,6.765827974912838,2.066896512639708,1135,Other,4.408176202648577e-05,22685.11860753586
NEW YORK UNIVERSITY GROSSMAN SCHOOL OF MEDICINE,30941761.05,100.1,9.11592132505176,2.6637894736842105,76,Other,2.949100806392793e-05,33908.640824765665
NEW YORK UNIVERSITY SCHOOL OF MEDICINE,1512483127.1666665,5633.0,9.209869004935227,3.001740191373699,742,Biomedical,3.430067494503914e-05,29153.945267908744
NEWCASTLE UNIVERSITY,6056125.283848856,57.50248903774904,12.023247415330303,5.193891241608633,49,Other,0.00011415989932407578,8759.643324151957
NORTH CAROLINA AT CHAPEL HILL UNIVERSITY OF,55746292.0,50.0,3.2780252100840337,2.109166666666667,35,Other,2.9401284753468745e-06,340121.1914326365
NORTHWESTERN UNIVERSITY,818581430.6869916,7177.619844007512,7.439011310139549,1.9624429694518277,946,Physical Sciences,6.522795802323892e-05,15330.849382771228
NORTHWESTERN UNIVERSITY AT CHICAGO,982296124.0,6003.0,9.538062443360312,3.124290666351603,797,Biomedical,5.828892881541285e-05,17155.91657494276
NORTHWESTERN UNIVERSITY CHICAGO CAMPUS,20508045.766666666,76.5,9.158521478521477,2.3257222222222222,92,Other,3.416351324150431e-05,29270.99426019007
NORTHWESTERN UNIVERSITY CHICAGO ILLINOIS,46970096.0,100.0,6.164453125,1.8291712454212454,47,Other,1.3124208059953721e-05,76195.07367087003
OHIO STATE UNIVERSITY,1107043296.637058,6860.570138888889,5.5314880744288395,1.8061422085465992,1446,Biomedical,3.427974499491329e-05,29171.74559345142
OHIO STATE UNIVERSITY THE,272145627.0,460.0,4.10056241437887,1.7310582655826559,276,Biomedical,6.931063825671099e-06,144277.99615640895
PENN STATE UNIVERSITY,7480188.454450208,58.02645360101444,21.72402404482034,1.5443256148613291,31,Other,0.00016852089769397942,5933.98215701367
PENNSYLVANIA STATE UNIV UNIVERSITY PARK,445179124.0,4662.0,9.16280945899955,1.3216411653118856,803,Engineering & CS,9.595467396143199e-05,10421.587179817212
PENNSYLVANIA STATE UNIVERSITY,84039530.7030303,454.0547619047619,6.13791084451711,1.4719309982946347,297,Other,3.316234186204684e-05,30154.685822850937
PENNSYLVANIA STATE UNIVERSITY THE,350041051.0,2107.0,5.145851593417531,1.912649046890744,471,Biomedical,3.097439364999146e-05,32284.732069332233
PENNSYLVANIA UNIVERSITY OF,83179273.0,158.0,7.744424823633157,2.3573353174603175,69,Other,1.4710625351751254e-05,67978.0754446957
PERIMETER INSTITUTE FOR THEORETICAL PHYSICS,2995243.25,71.25,7.753712600084281,0.8354545454545454,3,Other,0.00018444312419567426,5421.7255555653455
PRESIDENT AND FELLOWS OF HARVARD COLLEGE,216644150.12878788,1365.409090909091,13.60791586399811,2.192782510401558,166,Other,8.576447606816816e-05,11659.839199684146
PRINCETON UNIVERSITY,511146509.63242036,4389.431829542162,9.204974058924517,2.1633396739314117,786,Physical Sciences,7.904701560695241e-05,12650.698983657103
PURDUE UNIVERSITY,1274924938.3300898,7434.761413580063,4.802661412890646,1.5619074434239624,1786,Engineering & CS,2.800685803653525e-05,35705.54036070341
QUEEN MARY UNIVERSITY OF LONDON,7370520.218118077,93.4655069906915,6.17984030988427,1.9554618519814657,45,Other,7.83665047502339e-05,12760.553800212907
QUEENSLAND UNIVERSITY OF TECHNOLOGY,8176362.239818743,66.22120198615661,7.1494835083312145,1.1474426857440552,31,Other,5.790440511505426e-05,17269.84325308292
RBHSNEW JERSEY MEDICAL SCHOOL,17867348.0,95.0,4.947192982456141,2.0828594771241833,27,Biomedical,2.6304034226754488e-05,38016.98216248803
RBHSROBERT WOOD JOHNSON MEDICAL SCHOOL,9686708.0,98.0,6.42132905982906,2.0084900793650795,20,Biomedical,6.49643044740533e-05,15393.068672033569
RBHSSCHOOL OF PUBLIC HEALTH,3377978.0,52.0,3.257408708938121,1.2592142857142856,5,Biomedical,5.014397751103835e-05,19942.574355611636
RECTOR VISITORS OF THE UNIVERSITY OF VIRGINIA,40312363.0,121.0,5.35426311728395,1.6092384887839435,59,Defense,1.6071145151956436e-05,62223.31952980115
REGENTS OF THE UNIVERSITY OF CALIFORNIA AT RIVERSIDE,83051351.0,317.0,4.938300295464769,1.5424953703703703,91,Biomedical,1.8849075599773588e-05,53052.999586463106
REGENTS OF THE UNIVERSITY OF CALIFORNIA DAVIS,104881277.0,1084.0,4.824932993125857,1.0843778140526754,37,Physical Sciences,4.986807478086321e-05,20052.909690103945
REGENTS OF THE UNIVERSITY OF CALIFORNIA IRVINE,96325289.0,886.0,7.981454511868376,1.3552284572168725,76,Physical Sciences,7.341341791889544e-05,13621.488119580059
REGENTS OF THE UNIVERSITY OF CALIFORNIA LOS ANGELES,242014509.0,1563.0,7.602264825154954,1.0440924992989884,73,Physical Sciences,4.909763456255093e-05,20367.580004816504
REGENTS OF THE UNIVERSITY OF CALIFORNIA SANTA BARBARA,98602872.0,964.0,12.488055822688302,1.2928857895683463,39,Physical Sciences,0.00012209062037332467,8190.637388377854
REGENTS OF THE UNIVERSITY OF MICHIGAN,384457291.0,2009.0,5.991706595424153,1.2248899844317593,322,Defense,3.130994997883165e-05,31938.72876437331
REGENTS OF THE UNIVERSITY OF MICHIGAN ANN ARBOR,656769710.0,3697.0,5.763784862157983,1.422212263404549,959,Engineering & CS,3.244472500931576e-05,30821.651276528704
REGENTS OF THE UNIVERSITY OF MICHIGAN DEARBORN,11807840.0,100.0,5.094398148148149,0.89,35,Engineering & CS,4.314420036304819e-05,23178.086314852004
REGENTS OF THE UNIVERSITY OF MINNESOTA,383653013.5,2239.0,5.045040841884957,1.4198990013151356,297,Biomedical,2.9442871677014515e-05,33964.07833345552
REGENTS OF THE UNIVERSITY OF MINNESOTA TWIN CITIES,13699476.333333334,70.5,3.265532212885154,1.3659583333333334,90,Other,1.680502344810333e-05,59506.01634613388
RESEARCH FOUNDATION FOR THE STATE UNIVERSITY OF NEW YORK D B A RFSUNY STONY BROOK UNIVERSITY,148879393.0,1158.0,15.243323442794587,0.9447806938431939,31,Physical Sciences,0.00011856421624956606,8434.247968165184
RESEARCH FOUNDATION FOR THE STATE UNIVERSITY OF NEW YORK D B A RFSUNY UNIVERSITY AT BUFFALO,9352001.0,225.0,8.29769382791122,0.9485649825320878,9,Physical Sciences,0.00019963440030427973,5009.15673088313
RICE UNIVERSITY,166350047.22588384,722.8526515151515,6.875873425762373,2.2613226119376004,178,Biomedical,2.9878220175951575e-05,33469.19575901919
ROYAL INSTITUTION FOR THE ADVANCEMENT OF LEARNING MCGILL UNIVERSITY,8055988.34500851,60.179721740995134,4.439053705212875,1.03965197740113,35,Other,3.3160551546547957e-05,30156.313853715164
RUTGERS BIOMEDICAL AND HEALTH SCIENCES,484557705.8,1908.0,6.395469829226818,1.966929738965142,367,Biomedical,2.5182875616472694e-05,39709.52385381585
RUTGERS THE STATE UNIV OF NJ,118755033.0,762.0,8.88465062959409,3.0854069430569426,147,Biomedical,5.700898402976062e-05,17541.09491721456
RUTGERS THE STATE UNIV OF NJ NEWARK,24751555.0,115.0,2.4935785785785787,1.2198174019607844,25,Biomedical,1.1585596805394107e-05,86314.0688215917
RUTGERS THE STATE UNIVERSITY OF NEW JERSEY,93335036.17867647,906.9071078431373,6.159666720141779,1.5172128071487339,216,Other,5.985153870565114e-05,16708.00820874436
RUTGERS UNIVERSITY CAMDEN,9660731.0,74.0,3.053989898989899,1.2951851851851852,27,Social Sciences,2.3393183448048864e-05,42747.49532148033
RUTGERS UNIVERSITY NEW BRUNSWICK,242675296.8,2704.0,7.117790809567426,2.19615087832226,405,Physical Sciences,7.930970561429769e-05,12608.797274614059
RUTGERS UNIVERSITY NEWARK,27705149.833333332,262.0,3.585540350281527,1.0546482142857143,72,Physical Sciences,3.3907471261660926e-05,29492.02529091861
SCHEPENS EYE RESEARCH INSTITUTE,43115816.0,173.0,5.851758910533911,1.7247681841331575,50,Biomedical,2.347988245247096e-05,42589.65103527436
STANFORD UNIVERSITY,2302017297.954614,14050.224043491942,9.513005347322492,2.994140828588876,2440,Biomedical,5.806205564813835e-05,17222.952043932037
STANFORD UNIVERSITY SCHOOL OF MEDICINE,20981656.008333333,160.70833333333334,4.795823717948718,1.5589077853363567,116,Other,3.6733460712819635e-05,27223.136088863233
STATE UNIVERSITY NEW YORK STONY BROOK,184916440.0,1111.0,6.645600292519757,2.3746098188842,208,Biomedical,3.9927558225701563e-05,25045.358254747847
STATE UNIVERSITY OF NEW YORK AT BUFFALO,245365246.5,1330.0,4.878882481577717,2.028540866800505,289,Biomedical,2.6445936386913556e-05,37812.99271727953
SUNY AT BUFFALO,171584327.0,2734.0,4.59600307923169,1.0223018278018279,291,Engineering & CS,7.323205235766925e-05,13655.22292227926
SUNY AT STONY BROOK,187199762.0,1870.0,5.008811569519876,1.6348023728722259,304,Physical Sciences,5.003466636352972e-05,19986.14306198113
TEXAS A AND M ENGINEERING EXPERIMENT STATION,3546887.0,116.0,4.784646464646465,1.1776190476190476,6,Defense,0.0001564805954909164,6390.568727469147
TEXAS A M UNIVERSITY,9627424.254578754,65.5,4.942142857142857,0.8200000000000001,29,Other,3.362377605712162e-05,29740.859512660147
TEXAS AM AGRILIFE RESEARCH,195484012.0,859.0,4.549046956700318,1.8480067169540884,230,Biomedical,1.9989518814487873e-05,50026.21670288664
TEXAS AM ENGINEERING EXPERIMENT STATION,161574440.0,1702.5,5.089303442213846,1.6305866492715808,350,Engineering & CS,5.3625679348596673e-05,18647.782408488387
TEXAS AM UNIVERSITY,395534688.4888889,3073.1555555555556,5.77173179469733,1.4630839965931668,473,Physical Sciences,4.484418218239032e-05,22299.43665675067
TEXAS AM UNIVERSITY COLLEGE STATION,955000.0,63.11666666666667,8.388506206639788,0.9329166666666666,68,Other,0.0005544026702363852,1803.7431161246423
TEXAS ENGINEERING EXPERIMENT STATION,42561234.333333336,492.0,4.085198771502451,1.4304977531621699,46,Biomedical,4.722414251047855e-05,21175.609483604923
THE AUSTRALIAN NATIONAL UNIVERSITY,14183571.910654234,108.3099123855161,6.452257511407939,1.83754415620294,56,Other,4.927132954601046e-05,20295.778685374866
THE BOARD OF TRUSTEES OF THE LELAND STANFORD JUNIOR UNIVERSITY,44113468.63333333,186.5,7.8809092702169625,2.2552864583333334,174,Other,3.331838607188669e-05,30013.45857036508
THE CHANCELLOR MASTERS AND SCHOLARS OF THE UNIVERSITY OF OXFORD,12495464.355503932,64.6508663778562,17.315102653302652,2.8759602199380008,16,Other,8.958741797094161e-05,11162.281742781759
THE CURATORS OF THE UNIVERSITY OF MISSOURI,21656637.28917749,168.87012987012986,3.67412561247011,2.1656432748538013,31,Other,2.8649418700245607e-05,34904.722167763466
THE GEORGE WASHINGTON UNIVERSITY,62974597.25,523.25,7.145158431534148,1.5327435179199884,58,Other,5.9368448748598276e-05,16843.963773326832
THE JOHNS HOPKINS UNIVERSITY,65806431.0,553.0,4.887960469607021,1.4754916564916567,68,Physical Sciences,4.1075653224419396e-05,24345.321899969247
THE OHIO STATE UNIVERSITY,195410252.3311508,1318.7623015873016,5.66154291823715,1.2745347876856243,273,Other,3.820797158962321e-05,26172.54877439207
THE PENNSYLVANIA STATE UNIVERSITY,254980345.92952573,1818.6368247006405,7.447332379612014,1.5780038792951046,262,Biomedical,5.3117791734000145e-05,18826.083829081894
THE PENNSYLVANIA STATE UNIVERSITY USA,1715540.66,58.56,4.392584043762433,1.4331060606060608,16,Other,0.00014994090644446055,6669.294082001625
THE RECTOR AND VISITORS OF THE UNIVERSITY OF VIRGINIA,92247428.5,310.5,6.111208927459129,0.5998148148148148,36,Physical Sciences,2.05700083225199e-05,48614.46744798868
THE REGENTS OF THE UNIVERSITY OF CALIFORNIA,78222232.31172213,521.4721029503222,5.478228315797244,1.7032386324424367,154,Other,3.652086057703429e-05,27381.611062824682
THE REGENTS OF THE UNIVERSITY OF CALIFORNIA LOS ANGELES,37475407.8452381,180.7,9.071046666666666,3.0929814814814818,144,Other,4.373903386017312e-05,22862.873542128167
THE REGENTS OF THE UNIVERSITY OF CALIFORNIA ON BEHALF OF ITS DAVIS CAMPUS,10468742.138095237,91.2,4.330444947209653,1.2893666666666665,50,Other,3.7725313507184936e-05,26507.40065578371
THE REGENTS OF THE UNIVERSITY OF CALIFORNIA RIVERSIDE,49322393.0,446.95,25.677029440735165,1.8939264828738513,44,Physical Sciences,0.00023268028192664094,4297.742772699916
THE REGENTS OF THE UNIVERSITY OF CALIFORNIA SAN DIEGO,21012261.733333334,63.2,6.27102564102564,2.4136734693877555,96,Other,1.8861787728642946e-05,53017.24387882014
THE REGENTS OF THE UNIVERSITY OF CALIFORNIA UCSD,157411733.0,1646.0,8.391082367421053,1.1469106373173124,57,Physical Sciences,8.774264353455186e-05,11396.966853480013
THE REGENTS OF THE UNIVERSITY OF COLORADO D B A UNIVERSITY OF COLORADO,106841955.0,966.0,8.323698745637557,0.7923454117947907,65,Physical Sciences,7.52578234672501e-05,13287.655075955914
THE REGENTS OF THE UNIVERSITY OF MICHIGAN,36950934.28333333,162.2,8.150758403361344,3.4437365591397846,157,Other,3.577860854310036e-05,27949.66156370669
THE REGENTS OF UNIVERSITY OF CALIFORNIA,73322033.0,604.0,22.197846262236993,2.362138714433142,55,Physical Sciences,0.00018285771130201946,5468.732999443137
THE TRUSTEES OF COLUMBIA UNIVERSITY IN THE CITY OF NEW YORK,192890813.0,1199.5,8.721821668553421,1.5624262061798901,141,Other,5.423703145172512e-05,18437.58725788804
THE TRUSTEES OF INDIANA UNIVERSITY,59821366.2,1274.6666666666667,6.70268130264268,1.6564626870713828,30,Other,0.00014281994839777725,7001.82300314823
THE TRUSTEES OF PRINCETON UNIVERSITY,147903339.0,1529.0,11.496143646695373,1.4340091238402253,89,Physical Sciences,0.00011884521170814965,8414.3061855594
THE TRUSTEES OF THE UNIVERSITY OF PENNSYLVANIA,166797828.58333334,913.0,9.535528432251779,2.131910147670179,151,Other,5.219454912925517e-05,19159.088768514674
THE UNIVERSITY OF ADELAIDE,11037891.36877297,123.10688279728528,4.963919751445309,1.4563490299823634,30,Other,5.536317278725306e-05,18062.54861589584
THE UNIVERSITY OF CHICAGO,80078441.385101,671.8674242424242,8.684049171048052,1.8683979978354979,186,Other,7.286018118769427e-05,13724.917831646775
THE UNIVERSITY OF IOWA,19795022.276470587,100.77058823529411,5.819960317460318,1.3443518518518518,130,Other,2.9627692078612483e-05,33752.20713603527
THE UNIVERSITY OF MANCHESTER,13713157.72904444,148.8729153641583,7.094412087205461,3.3133076210282097,74,Other,7.701842501089616e-05,12983.906121925049
THE UNIVERSITY OF MELBOURNE,17241304.90522886,126.99723078364052,4.770911228407102,1.631913106853754,66,Other,3.514191748552202e-05,28456.045416758665
THE UNIVERSITY OF NEW SOUTH WALES,11508034.303345447,147.58715721427902,5.796818460716633,1.1513032581453633,47,Other,7.434249281440808e-05,13451.257311164485
THE UNIVERSITY OF NORTH CAROLINA AT CHAPEL HILL,84645830.65753812,212.82436476566912,4.906439547189547,1.6990322015051131,158,Other,1.2336223435699494e-05,81062.08558983494
THE UNIVERSITY OF QUEENSLAND,13946138.952663222,109.77685724421126,6.566138860484483,1.4593350308914292,51,Other,5.16852794009645e-05,19347.86870826781
THE UNIVERSITY OF SYDNEY,15590377.839299057,138.3561509999911,6.522277568176818,1.6910469575724512,63,Other,5.788167736460057e-05,17276.6244091534
THE UNIVERSITY OF TEXAS AT AUSTIN,214449009.08333334,1441.25,7.313472580358686,1.3347451424058792,177,Other,4.915174195254023e-05,20345.15889519392
THE UNIVERSITY OF UTAH,16435572.61904762,57.0,6.1555381944444445,2.080962962962963,85,Other,2.134794358650491e-05,46842.91936353764
THE UNIVERSITY OF WESTERN AUSTRALIA,10110242.253396723,110.07835762448767,6.093698297261078,1.7724203622146335,30,Other,6.634700570070653e-05,15072.270246995502
TRUSTEES OF BOSTON UNIVERSITY,265391539.5,2185.5,7.537634947279487,1.5270521709800347,432,Engineering & CS,6.20724428831286e-05,16110.208549111278
TRUSTEES OF COLUMBIA UNIVERSITY IN THE CITY OF NEW YORK,36356118.18715324,91.8946885931406,7.652461927124209,1.7348253978864272,65,Other,1.9342565731135538e-05,51699.44948876714
TRUSTEES OF COLUMBIA UNIVERSITY IN THE CITY OF NEW YORK THE,58636780.0,318.0,8.972365608038684,2.2515424836601308,84,Defense,4.865908843146404e-05,20551.145371506344
TRUSTEES OF DARTMOUTH COLLEGE,62214835.166666664,191.83333333333334,5.572324929971989,1.344375,69,Other,1.7181716593306737e-05,58201.40232027557
TRUSTEES OF PRINCETON UNIVERSITY,10437079.053129984,67.3685064935065,9.785603591470258,3.55255,54,Other,6.316340958413495e-05,15831.950912465858
TRUSTEES OF PRINCETON UNIVERSITY THE,54064911.0,540.0,10.262567879273247,1.289624579124579,82,Defense,0.00010250246513505874,9755.862931514725
TRUSTEES OF THE UNIVERSITY OF PENNSYLVANIA,13299319.166666666,81.5,39.96452380952381,4.318161375661376,42,Social Sciences,0.00024490792721478465,4083.1671370236963
TRUSTEES OF THE UNIVERSITY OF PENNSYLVANIA THE,38436418.0,281.0,9.3630033993784,1.3607184179456908,59,Defense,6.845081025045909e-05,14609.030869627919
TULANE UNIVERSITY,75958141.19315477,266.49434523809526,4.149800877665948,1.5078968784024964,158,Other,1.4559314517055636e-05,68684.55234128924
TULANE UNIVERSITY OF LOUISIANA,268008010.0,962.0,5.01306552163675,1.7311702291921818,198,Biomedical,1.7994122757056975e-05,55573.70111903998
UCHICAGO ARGONNE LLC,23072119.6875,163.375,4.672881355932203,1.8463953488372091,4,Other,3.308894032562753e-05,30221.578272347866
UNIV OF MARYLAND COLLEGE PARK,169348657.0,1010.0,4.994610259971545,1.8120583323557549,185,Biomedical,2.978799154321762e-05,33570.574858971595
UNIV OF NORTH CAROLINA CHAPEL HILL,1384984253.0,8357.0,6.173409027089163,2.163100136349651,1179,Biomedical,3.7250372433934195e-05,26845.369177813212
UNIVERSIT MCGILL,202386642.75,562.2857142857143,5.313322047000618,1.6090038821176929,3765,Other,1.476186887549809e-05,67742.10016590859
UNIVERSITAT DE VALENCIA,6089334.212733758,65.79922321830216,6.393971866096867,1.4588484848484848,14,Other,6.909103152674117e-05,14473.658561791155
UNIVERSITY COLLEGE LONDON,37963209.60156373,335.6754360828643,7.396474179481356,2.5029575650154308,206,Other,6.540054757569238e-05,15290.39185555188
UNIVERSITY OF ARIZONA,866309008.8736378,4554.040290290749,6.315430186161786,1.6135507048588207,1255,Biomedical,3.3199150907703765e-05,30121.252280821223
UNIVERSITY OF ARIZONA USA,966413.4743589744,54.371794871794876,10.826466666666668,0.41666666666666663,10,Other,0.0006091123938196139,1641.7331352087801
UNIVERSITY OF BIRMINGHAM,13475145.105152037,156.90539434517282,12.418694799024006,2.5554674943113125,87,Other,0.0001446040238890046,6915.43688139399
UNIVERSITY OF BRISTOL,21143384.49512422,198.52350867821636,7.893752534376124,2.7761647893719807,107,Other,7.411753071620542e-05,13492.084670615654
UNIVERSITY OF CALIFORNIA AT BERKELEY,266974.0,63.0,7.073074074074074,1.1432499999999999,44,Biomedical,0.0016690901236325133,599.1288222493681
UNIVERSITY OF CALIFORNIA AT DAVIS,630204764.0,3862.0,7.554483124772495,2.4318107221658996,675,Biomedical,4.6295133731917294e-05,21600.54241965758
UNIVERSITY OF CALIFORNIA AT RIVERSIDE,250000.0,57.0,4.341642857142857,1.4763888888888888,42,Biomedical,0.0009898945714285714,1010.2085907561296
UNIVERSITY OF CALIFORNIA BERKELEY,419935295.29780173,2346.8954352061496,7.554566742385129,2.6327478181778003,841,Biomedical,4.2220262028917063e-05,23685.310131781996
UNIVERSITY OF CALIFORNIA DAVIS,274281451.139396,976.9858163684845,5.485687579859531,2.018807529242355,619,Other,1.953992490665266e-05,51177.269348641916
UNIVERSITY OF CALIFORNIA IRVINE,134636104.18332455,646.4628234410455,5.7442561482605745,1.6402796047925576,303,Other,2.7581368836376713e-05,36256.35862862299
UNIVERSITY OF CALIFORNIA LOS ANGELES,1374496989.3938227,8624.089716992896,8.282533481163547,2.314495339680723,1529,Biomedical,5.1967601512938565e-05,19242.758389590606
UNIVERSITY OF CALIFORNIA RIVERSIDE,129608788.51051587,739.9047619047619,4.651816172410246,1.668765833989664,249,Biomedical,2.6556076767839428e-05,37656.16467907804
UNIVERSITY OF CALIFORNIA SAN DIEGO,1971716037.044417,11143.18271435783,8.194495319140113,2.609092329050234,1718,Biomedical,4.631131302761284e-05,21592.99606564288
UNIVERSITY OF CALIFORNIA SANTA BARBARA,181523905.00618824,1142.5120324120323,6.15984179537162,1.619927489177489,354,Defense,3.8770063748500195e-05,25793.096614103055
UNIVERSITY OF CALIFORNIA SANTA CRUZ,157276531.32030967,1073.1272041177212,7.732467797658732,2.9360491592023603,239,Biomedical,5.276007474842045e-05,18953.72599012359
UNIVERSITY OF CALIFORNIABERKELEY,478451485.0,3145.0,7.400186382763016,1.9505282790309106,577,Physical Sciences,4.86435655514575e-05,20557.70354543916
UNIVERSITY OF CALIFORNIADAVIS,265470128.0,2086.0,5.23099450374542,1.3858696149529484,423,Physical Sciences,4.1103888475214606e-05,24328.59851210899
UNIVERSITY OF CALIFORNIAIRVINE,910136813.0,6954.0,6.575288142795268,1.9735042173903876,977,Biomedical,5.0239209195681975e-05,19904.7719104215
UNIVERSITY OF CALIFORNIALOS ANGELES,341723967.0,3609.0,5.632239810165184,1.539189091466991,568,Physical Sciences,5.948296121379789e-05,16811.536944264237
UNIVERSITY OF CALIFORNIARIVERSIDE,169512797.0,1965.0,5.187452625208374,1.4938735004578754,321,Physical Sciences,6.013318515730973e-05,16629.752729445117
UNIVERSITY OF CALIFORNIASAN DIEGO,446110044.0,4012.0,6.571525310440382,2.1454600714396492,539,Engineering & CS,5.9099677086595285e-05,16920.56622466412
UNIVERSITY OF CALIFORNIASANTA BARBARA,341436960.0,2866.0,5.378445105430162,1.4745615996907866,358,Physical Sciences,4.514632414769286e-05,22150.19758261102
UNIVERSITY OF CALIFORNIASANTA CRUZ,110912189.0,1253.0,5.7815099379909585,1.412213451347223,237,Physical Sciences,6.53150209874829e-05,15310.413820300875
UNIVERSITY OF CAMBRIDGE,32172784.348183874,378.35430535630513,10.052269945891538,3.547113405781669,179,Other,0.0001182154323813304,8459.132448750648
UNIVERSITY OF CAPE TOWN,5514307.065772308,80.46373177261336,18.010780088358867,8.225667586766399,37,Other,0.000262809916234192,3805.0314627736193
UNIVERSITY OF CHICAGO,1148748164.9561818,5775.017937136636,8.093708092664508,2.049760124389105,1147,Biomedical,4.068890888271268e-05,24576.721948542236
UNIVERSITY OF CHICAGO THE,27333615.0,194.0,16.019956636500755,2.1336031746031745,36,Defense,0.00011370144737463911,8794.962800298073
UNIVERSITY OF COLORADO,179939838.3734336,1898.2763157894738,6.073144853218126,2.0859931940413734,204,Biomedical,6.406867507181657e-05,15608.2515968852
UNIVERSITY OF COLORADO AT BOULDER,572770541.4082967,4245.595925000925,6.98157042683838,1.819249518553942,752,Physical Sciences,5.17500898028249e-05,19323.637964883543
UNIVERSITY OF COLORADO BOULDER,39879764.37199092,689.5302521008404,5.978039088373872,1.5163032123960696,459,Physical Sciences,0.00010336166385602265,9674.766859335268
UNIVERSITY OF EDINBURGH,26590700.033115394,241.88602071262042,8.280902527362839,2.645092955120735,147,Other,7.532838766028534e-05,13275.20780757691
UNIVERSITY OF EXETER,8539173.616670853,83.58974511546886,7.7778832692860504,2.31221497725845,70,Other,7.613749400155228e-05,13134.133361148086
UNIVERSITY OF FLORIDA,1447266771.5419266,10784.678563822701,5.226557700319931,1.7924663856704393,2158,Biomedical,3.8947031674864864e-05,25675.89767426017
UNIVERSITY OF FLORIDA GAINESVILLE,2370180.0,53.666666666666664,3.659952380952381,2.36375,40,Physical Sciences,8.287026489314923e-05,12067.054465065052
UNIVERSITY OF GLASGOW,14091051.11215278,192.70177700122545,11.484615368036147,2.085762630849937,80,Other,0.00015705753758053315,6367.093330285011
UNIVERSITY OF ILLINOIS AT URBANACHAMPAIGN,926168066.6008991,9469.481696081695,5.650209739072431,1.7061970593009252,1143,Engineering & CS,5.7769814823711584e-05,17310.077988852245
UNIVERSITY OF IOWA,584989147.6907716,3483.699483043838,4.6915072618340465,1.6381317880389932,800,Biomedical,2.793864037865383e-05,35792.72242481912
UNIVERSITY OF IOWA THE,16839284.0,116.0,3.8699753968253967,1.3250000000000002,36,Defense,2.6658921248180505e-05,37510.89515927997
UNIVERSITY OF KANSAS CENTER FOR RESEARCH INC,223433839.2222222,1208.2962962962963,4.617450217851892,1.4111640473053517,274,Physical Sciences,2.497047007733674e-05,40047.303751305924
UNIVERSITY OF KANSAS LAWRENCE,60618221.0,453.0,2.713791258723317,1.4112498112998113,75,Biomedical,2.028016361947776e-05,49309.266866050624
UNIVERSITY OF LEEDS,14810055.64720109,155.4678226354221,8.245088349905727,2.2143969461304476,100,Other,8.655240491542521e-05,11553.693984322575
UNIVERSITY OF LIVERPOOL,10309664.755782047,137.88138790881993,9.772422759978157,3.3096852467480486,64,Other,0.0001306963170283337,7651.325016168663
UNIVERSITY OF MANCHESTER,7375692.978081534,110.070813430134,9.402143803159422,2.5268551908926513,47,Other,0.0001403124587040547,7126.950872617717
UNIVERSITY OF MARYLAND,111928265.4659522,801.2922493038901,9.73502690188921,1.2086033170558104,79,Physical Sciences,6.969286596888767e-05,14348.670930628976
UNIVERSITY OF MARYLAND COLLEGE PARK,557755937.9342105,3791.3508771929824,6.770516914792606,1.6832964285227123,1011,Physical Sciences,4.602264807618538e-05,21728.43245231372
UNIVERSITY OF MIAMI,195714500.5055419,997.4386529763211,6.36322708887642,1.6242226170654743,316,Other,3.2429526885932566e-05,30836.09586773789
UNIVERSITY OF MIAMI CORAL GABLES,67777665.0,464.0,3.9983905478386483,1.784589761904762,59,Biomedical,2.7372633952455176e-05,36532.83793357071
UNIVERSITY OF MIAMI SCHOOL OF MEDICINE,427646756.0,2078.0,5.87537946786449,2.0487246213637813,301,Biomedical,2.8549353790076246e-05,35027.06251612602
UNIVERSITY OF MICHIGAN,115612026.85463518,316.8832538197558,12.484621674533368,2.902938780026202,316,Other,3.421934245568647e-05,29223.238327708514
UNIVERSITY OF MICHIGAN ANN ARBOR,23836052.833333332,124.16666666666667,7.782114809081527,1.8466666666666667,70,Social Sciences,4.053855989569175e-05,24667.871837901064
UNIVERSITY OF MICHIGAN AT ANN ARBOR,1764115981.0,11433.0,8.071299042923954,2.692139983747536,1558,Biomedical,5.23090108312723e-05,19117.165171132663
UNIVERSITY OF MINNESOTA,1100509596.9917347,5111.449134961379,6.049152063733,2.1705144406790544,979,Biomedical,2.8096014035623267e-05,35592.23734484501
UNIVERSITY OF MINNESOTATWIN CITIES,363381051.3333333,3775.0,5.292147371922165,1.832069799436719,594,Physical Sciences,5.4977705237250446e-05,18189.191340100613
UNIVERSITY OF MISSOURICOLUMBIA,355754883.0,1810.0,4.852804817813553,1.9740431938868022,466,Biomedical,2.4689968121231748e-05,40502.27991748867
UNIVERSITY OF NORTH CAROLINA AT CHAPEL HILL,419184757.66584456,2346.855253042921,5.632689485814382,1.2063756899073597,550,Physical Sciences,3.153527571506022e-05,31710.520276898438
UNIVERSITY OF NOTRE DAME,310101125.4880952,3007.4857142857145,5.063796741496362,1.8443401604631358,535,Engineering & CS,4.911074197530287e-05,20362.143999023403
UNIVERSITY OF NOTRE DAME DU LAC,178398667.60606062,1070.7727272727273,5.607376760228875,0.9433657195265501,100,Defense,3.365622729680076e-05,29712.183459583914
UNIVERSITY OF NOTTINGHAM,17367490.87384748,183.2909924936755,7.42905672728872,2.239158681406752,86,Other,7.840390939182965e-05,12754.466043299219
UNIVERSITY OF OREGON,171872962.15162653,868.9096790890269,5.013651494608472,1.7100684471540635,274,Biomedical,2.5346687790260093e-05,39452.886636504336
UNIVERSITY OF OREGON EUGENE,146740514.0,883.0,11.598454469646079,2.0743947550034507,224,Physical Sciences,6.979282692643074e-05,14328.120009440356
UNIVERSITY OF OXFORD,36824891.41050696,477.7715574176772,10.22524987551171,3.342912994275816,222,Other,0.00013266389582928262,7537.845875465931
UNIVERSITY OF PENNSYLVANIA,2065247557.2341437,14071.72553961909,7.0420467634943416,2.2457764144771217,2059,Biomedical,4.798153564978201e-05,20841.350458205754
UNIVERSITY OF PITTSBURGH,339866617.78368,2443.778400738695,5.214359762747383,1.560781628619591,676,Other,3.749335502551052e-05,26671.392819330224
UNIVERSITY OF PITTSBURGH AT PITTSBURGH,1794910659.0,8956.0,7.026382472751801,2.2917691742456485,1364,Biomedical,3.5059283374596714e-05,28523.11581258905
UNIVERSITY OF PITTSBURGH THE,40971950.0,130.0,7.684445028011204,0.8775,47,Defense,2.4381994355686185e-05,41013.87218009865
UNIVERSITY OF PITTSBURGHOF THE COMMONWEALTH SYSTEM OF HIGHER ED,107068967.0,154.0,3.7119766666666667,1.4432070105820107,88,Other,5.339029811193253e-06,187299.94687489932
UNIVERSITY OF READING,4555080.904350121,53.02215257679283,10.131676150946468,2.382612640077737,20,Other,0.00011793495878879021,8479.25000585196
UNIVERSITY OF ROCHESTER,859724812.73352,4763.990404040404,5.22864088288032,1.6706810682798157,839,Biomedical,2.8973451298928646e-05,34514.35556236192
UNIVERSITY OF SHEFFIELD,11752017.48309523,84.28964753659655,6.512021277297765,1.5692060849883565,66,Engineering & CS,4.670653179369491e-05,21410.281637203338
UNIVERSITY OF SOUTH FLORIDA,500896669.127383,2286.0016816143498,5.477127497955539,1.474395973713946,546,Biomedical,2.499661795027512e-05,40005.412011707514
UNIVERSITY OF SOUTHAMPTON,10786583.295437332,119.44389072522682,8.32333373378856,1.7274929674751298,72,Other,9.216740257211606e-05,10849.822953593093
UNIVERSITY OF SOUTHERN CALIFORNIA,1239950068.8478665,8354.58757225149,6.714605721577123,2.5242926267603916,1473,Biomedical,4.524195201358531e-05,22103.378733519694
UNIVERSITY OF STRATHCLYDE,6123904.163841671,89.05447690122274,11.091339405787041,2.7236438834316057,41,Other,0.00016129145762082842,6199.956369362395
UNIVERSITY OF SURREY,9437079.279824762,77.48871447885982,6.435605741781323,1.9624704756361657,41,Other,5.284334284332345e-05,18923.85958558536
UNIVERSITY OF TECHNOLOGY SYDNEY,4849110.104206337,64.64025060960545,6.162060376849356,1.5922022107871163,33,Other,8.21423144600375e-05,12173.99347186039
UNIVERSITY OF TEXAS AT AUSTIN,1562515406.7590947,7291.950313051827,7.059552958232072,1.5582630503470742,1467,Engineering & CS,3.294553716469246e-05,30353.124764700886
UNIVERSITY OF TEXAS AUSTIN,36128872.588435374,83.33333333333333,6.339342592592592,0.65,48,Physical Sciences,1.4622060184402616e-05,68389.81562028463
UNIVERSITY OF TORONTO,831859028.177881,378.45613707892517,7.709576123834473,2.10301620150303,13868,Engineering & CS,3.507489008965101e-06,285104.2433615648
UNIVERSITY OF UTAH,1078653290.2972274,6606.1591702520545,5.148338969495692,1.8656047396406323,1349,Biomedical,3.153074950110075e-05,31715.07229680949
UNIVERSITY OF UTAH THE,10371934.0,102.0,2.340280753968254,0.8796666666666667,32,Defense,2.3014862696268785e-05,43450.18317932967
UNIVERSITY OF VIRGINIA,633246653.7301112,3443.5425705396315,5.764835411866701,1.8888012502337266,748,Biomedical,3.134869491371685e-05,31899.254586271232
UNIVERSITY OF VIRGINIA MAIN CAMPUS,197457066.0,2283.0,5.5612512842770565,1.272335148340663,358,Engineering & CS,6.429922686081297e-05,15552.286533159668
UNIVERSITY OF WARWICK,12582426.304544432,145.20677117576116,11.820431011303363,2.072711717954106,79,Other,0.00013641300807279745,7330.679193485311
UNIVERSITY OF WASHINGTON,2829444403.765024,15453.692682269348,7.101340360137386,2.4331963442023063,2855,Biomedical,3.878568223914563e-05,25782.710068993438
UNIVERSITY OF WASHINGTON FOUNDATION,350326023.0,142.0,11.824574658146085,2.448097222222222,112,Other,4.792934270420282e-06,208640.45771950722
UNIVERSITY OF WASHINGTON SEATTLE,8882295.763725491,51.768983957219255,7.147533443036315,1.2156181460790398,38,Other,4.165821021828233e-05,24004.871903045296
UNIVERSITY OF WISCONSIN MADISON,55686633.450193666,177.1080371383003,4.794598971033313,1.1573936924167256,149,Physical Sciences,1.524893785120837e-05,65578.33796409349
UNIVERSITY OF WISCONSINMADISON,1587712957.5714464,9803.790006122235,5.756196861421949,1.937126610302623,1698,Biomedical,3.5543292000085124e-05,28134.704011029848
UNIVERSITY OF YORK,9499081.559765995,100.23427466058588,8.958608075317526,2.614682646482362,54,Other,9.453120038481282e-05,10578.517948880906
UTAH UNIVERSITY OF,77069751.0,53.0,4.720642857142857,2.0273076923076925,52,Other,3.246332941033784e-06,308039.8770440204
VANDERBILT UNIVERSITY,570287359.3196647,4513.0264055269035,6.280499222658006,2.2259672962255066,926,Biomedical,4.970136260000635e-05,20120.172721378713
VANDERBILT UNIVERSITY THE,18964448.0,171.0,5.285963010204081,0.39878787878787875,34,Defense,4.766285181329285e-05,20980.70010408204
WASHINGTON UNIVERSITY,1935178263.7864718,13030.0,7.449475932307788,2.4897897816502574,1644,Biomedical,5.015903351872334e-05,19936.588284276262
WASHINGTON UNIVERSITY IN ST LOUIS,68408032.73837334,200.32783199751577,6.648304311132456,1.8339559194890078,130,Other,1.9469064315919286e-05,51363.5367254054
WASHINGTON UNIVERSITY IN STLOUIS,20557734.133333333,79.5,7.717659090909091,2.647851851851852,115,Other,2.9845404836344582e-05,33505.995495234114
WASHINGTON UNIVERSITY OF,69868566.0,82.0,6.804126984126984,2.3304021164021167,62,Other,7.985542635845892e-06,125226.30528715123
WASHINGTON UNIVERSITY SCHOOL OF MEDICINE IN ST LOUIS,8904175.5,50.0,4.223550264550265,1.3697916666666667,65,Other,2.3716683619669585e-05,42164.41118144543
WASHINGTON UNIVERSITY THE,31821208.0,259.0,7.76683189033189,2.2598148148148147,63,Physical Sciences,6.321599920392587e-05,15818.780254886766
WEILL MEDICAL COLL OF CORNELL UNIV,781794190.0,4776.0,8.805069781064937,2.800211179884265,653,Biomedical,5.379038858598596e-05,18590.681835314546
WEILL MEDICAL COLLEGE OF CORNELL UNIVERSITY,19768865.285714287,113.16666666666667,14.244718855218855,3.774833333333333,103,Other,8.154374705632923e-05,12263.356003363624
WILLIAM MARSH RICE UNIVERSITY,383087501.5,3213.5,7.790023412067269,1.6849596842819696,461,Physical Sciences,6.534601138554287e-05,15303.152844325548
WISCONSIN UNIVERSITY OF MADISON,68814638.0,123.0,7.169328703703704,1.888947619047619,48,Other,1.2814532724208411e-05,78036.3998845516
YALE UNIVERSITY,2152712584.0951734,12652.531957933013,8.254348745567711,2.5254280243815677,2338,Biomedical,4.851479573577967e-05,20612.268583921912
